{"test__accuracy": 0.9142857142857143, "test__precision": 0.9142857142857143, "test__recall": 0.9142857142857143, "test__f1": 0.9142857142857143, "test__roc_auc": 0.9782977969776718, "test__average_precision": 0.9022323044902054}