{"test__accuracy": 0.9085714285714286, "test__precision": 0.9085714285714286, "test__recall": 0.9085714285714286, "test__f1": 0.9085714285714286, "test__roc_auc": 0.9822892918106165, "test__average_precision": 0.9136172215250609}