{"test__accuracy": 0.9485714285714286, "test__precision": 0.9485714285714286, "test__recall": 0.9485714285714286, "test__f1": 0.9485714285714286, "test__roc_auc": 0.9893234584156243, "test__average_precision": 0.94193914908188}