{"test__accuracy": 0.9314285714285714, "test__precision": 0.9314285714285714, "test__recall": 0.9314285714285714, "test__f1": 0.9314285714285714, "test__roc_auc": 0.9842076485095255, "test__average_precision": 0.9165154412724945}