{"test__accuracy": 0.8171428571428572, "test__precision": 0.8171428571428572, "test__recall": 0.8171428571428572, "test__f1": 0.8171428571428572, "test__roc_auc": 0.950583335824977, "test__average_precision": 0.7871155758959592}