{"train__accuracy": 0.9371428571428572, "train__precision": 0.9371428571428572, "train__recall": 0.9371428571428572, "train__f1": 0.9371428571428572, "train__roc_auc": 0.9872722497248503, "train__average_precision": 0.9280907646068496}