{"test__accuracy": 0.9942857142857143, "test__precision": 0.9942857142857143, "test__recall": 0.9942857142857143, "test__f1": 0.9942857142857143, "test__roc_auc": 0.9967700729927007, "test__average_precision": 0.9910146520146521}